,tournament,surface,round,player_1,player_2,player_1_rank,player_2_rank,player_1_winner_sets,player_2_winner_sets,player_1_bet365,player_2_bet365,player_1_pinnacle,player_2_pinnacle,winner
2,Australian Open,Hard,1st Round,Watanuki Y.,Rinderknech A.,138.0,59.0,3.0,0.0,2.3,1.62,2.18,1.77,1
4,Australian Open,Hard,1st Round,Etcheverry T.,Barrere G.,79.0,83.0,3.0,1.0,2.3,1.62,2.43,1.63,1
6,Australian Open,Hard,1st Round,Cerundolo F.,Pella G.,29.0,181.0,3.0,0.0,1.13,6.0,1.17,6.06,1
8,Australian Open,Hard,1st Round,Hurkacz H.,Martinez P.,11.0,60.0,3.0,0.0,1.06,10.0,1.06,13.22,1
10,Australian Open,Hard,1st Round,Nishioka Y.,Ymer M.,33.0,69.0,3.0,0.0,1.91,1.91,2.02,1.88,1
12,Australian Open,Hard,1st Round,Griekspoor T.,Kotov P.,63.0,117.0,3.0,0.0,1.36,3.2,1.42,3.1,1
14,Australian Open,Hard,1st Round,Khachanov K.,Zapata Miralles B.,20.0,72.0,3.0,0.0,1.07,9.0,1.06,13.0,1
16,Australian Open,Hard,1st Round,Nadal R.,Draper J.,2.0,38.0,3.0,1.0,1.36,3.2,1.44,3.02,1
18,Australian Open,Hard,1st Round,Sonego L.,Borges N.,47.0,111.0,3.0,1.0,1.3,3.5,1.37,3.37,1
20,Australian Open,Hard,1st Round,Kubler J.,Baez S.,84.0,44.0,3.0,0.0,1.33,3.4,1.36,3.48,1
22,Australian Open,Hard,1st Round,Millman J.,Huesler M.A.,140.0,51.0,3.0,2.0,2.2,1.67,2.25,1.72,1
24,Australian Open,Hard,1st Round,Fucsovics M.,Coria F.,78.0,76.0,3.0,2.0,1.14,5.5,1.17,5.96,1
26,Australian Open,Hard,1st Round,Hijikata R.,Hanfmann Y.,169.0,128.0,3.0,2.0,2.0,1.8,1.98,1.93,1
28,Australian Open,Hard,1st Round,Auger-Aliassime F.,Pospisil V.,7.0,99.0,3.0,1.0,1.07,9.0,1.08,10.82,1
30,Australian Open,Hard,1st Round,Lestienne C.,Monteiro T.,55.0,77.0,3.0,0.0,2.1,1.73,2.19,1.76,1
32,Australian Open,Hard,1st Round,Medvedev D.,Giron M.,8.0,56.0,3.0,0.0,1.03,17.0,1.04,18.34,1
34,Australian Open,Hard,1st Round,Chardy J.,Galan D.E.,,70.0,3.0,1.0,3.2,1.36,3.32,1.38,1
36,Australian Open,Hard,1st Round,Bonzi B.,Bellucci M.,48.0,152.0,3.0,1.0,1.4,3.0,1.4,3.23,1
38,Australian Open,Hard,1st Round,Djere L.,Bergs Z.,68.0,130.0,3.0,1.0,1.44,2.75,1.51,2.75,1
40,Australian Open,Hard,1st Round,Jarry N.,Kecmanovic M.,154.0,27.0,3.0,0.0,3.5,1.3,3.87,1.31,1
42,Australian Open,Hard,1st Round,Carreno Busta P.,Cachin P.,15.0,58.0,3.0,0.0,1.08,8.0,1.09,9.27,1
44,Australian Open,Hard,1st Round,Fritz T.,Basilashvili N.,9.0,90.0,3.0,1.0,1.03,17.0,1.04,16.86,1
46,Australian Open,Hard,1st Round,Shelton B.,Zhang Zh.,89.0,96.0,3.0,2.0,1.4,3.0,1.46,2.95,1
48,Australian Open,Hard,1st Round,Zverev A.,Varillas J. P.,13.0,103.0,3.0,2.0,1.06,10.0,1.1,8.9,1
50,Australian Open,Hard,1st Round,Brooksby J.,O Connell C.,39.0,80.0,3.0,1.0,1.44,2.75,1.49,2.84,1
52,Australian Open,Hard,1st Round,Popyrin A.,Tseng C. H.,113.0,115.0,3.0,2.0,1.17,5.0,1.16,6.33,1
54,Australian Open,Hard,1st Round,Djokovic N.,Carballes Baena R.,5.0,75.0,3.0,0.0,1.01,29.0,1.02,30.3,1
56,Australian Open,Hard,1st Round,Humbert U.,Gasquet R.,106.0,42.0,3.0,0.0,2.1,1.73,2.05,1.86,1
58,Australian Open,Hard,1st Round,Mmoh M.,Lokoli L.,107.0,175.0,3.0,0.0,1.53,2.5,,,1
60,Australian Open,Hard,1st Round,Holt B.,Vukic A.,215.0,146.0,3.0,2.0,2.38,1.57,2.38,1.65,1
62,Australian Open,Hard,1st Round,Couacaud E.,Dellien H.,191.0,131.0,3.0,0.0,1.11,6.5,1.13,7.08,1
64,Australian Open,Hard,1st Round,Kokkinakis T.,Fognini F.,159.0,57.0,3.0,0.0,1.17,5.0,1.19,5.56,1
66,Australian Open,Hard,2nd Round,Auger-Aliassime F.,Molcan A.,7.0,53.0,3.0,2.0,1.05,11.0,1.08,11.09,1
68,Australian Open,Hard,2nd Round,Tiafoe F.,Shang J.,17.0,194.0,3.0,0.0,1.14,5.5,1.1,8.34,1
70,Australian Open,Hard,2nd Round,Khachanov K.,Kubler J.,20.0,84.0,3.0,1.0,1.29,3.75,1.29,3.93,1
72,Australian Open,Hard,2nd Round,Nishioka Y.,Svrcina D.,33.0,216.0,3.0,0.0,1.25,4.0,1.27,4.24,1
74,Australian Open,Hard,2nd Round,Shapovalov D.,Daniel T.,22.0,94.0,3.0,0.0,1.17,5.0,1.19,5.48,1
76,Australian Open,Hard,2nd Round,Tsitsipas S.,Hijikata R.,4.0,169.0,3.0,0.0,1.05,11.0,1.03,19.14,1
78,Australian Open,Hard,2nd Round,Griekspoor T.,Van De Zandschulp B.,63.0,34.0,3.0,0.0,2.1,1.73,2.17,1.78,1
80,Australian Open,Hard,2nd Round,Norrie C.,Lestienne C.,12.0,55.0,3.0,1.0,1.1,7.0,1.11,8.07,1
82,Australian Open,Hard,2nd Round,Paul T.,Davidovich Fokina A.,35.0,32.0,3.0,2.0,1.5,2.63,1.49,2.84,1
84,Australian Open,Hard,2nd Round,Rublev A.,Ruusuvuori E.,6.0,46.0,3.0,1.0,1.22,4.33,1.23,4.69,1
86,Australian Open,Hard,2nd Round,Wolf J.J.,Schwartzman D.,67.0,26.0,3.0,0.0,1.53,2.5,1.49,2.83,1
88,Australian Open,Hard,2nd Round,Humbert U.,Kudla D.,106.0,108.0,3.0,1.0,1.44,2.75,1.45,2.97,1
90,Australian Open,Hard,2nd Round,Dimitrov G.,Djere L.,28.0,68.0,3.0,0.0,1.29,3.75,1.27,4.16,1
92,Australian Open,Hard,2nd Round,Bautista Agut R.,Holt B.,25.0,215.0,3.0,2.0,1.1,7.0,1.1,8.84,1
94,Australian Open,Hard,2nd Round,De Minaur A.,Mannarino A.,24.0,45.0,3.0,1.0,1.17,5.0,1.18,5.68,1
96,Australian Open,Hard,2nd Round,Murray A.,Kokkinakis T.,66.0,159.0,3.0,2.0,2.38,1.57,2.56,1.58,1
98,Australian Open,Hard,3rd Round,Tsitsipas S.,Griekspoor T.,4.0,63.0,3.0,0.0,1.1,7.0,1.09,9.21,1
100,Australian Open,Hard,3rd Round,Auger-Aliassime F.,Cerundolo F.,7.0,29.0,3.0,1.0,1.11,6.5,1.1,8.61,1
102,Australian Open,Hard,3rd Round,Hurkacz H.,Shapovalov D.,11.0,22.0,3.0,2.0,1.91,1.91,1.91,2.0,1
104,Australian Open,Hard,3rd Round,Korda S.,Medvedev D.,31.0,8.0,3.0,0.0,4.5,1.2,4.83,1.22,1
106,Australian Open,Hard,3rd Round,Rune H.,Humbert U.,10.0,106.0,3.0,0.0,1.17,5.0,1.22,4.93,1
108,Australian Open,Hard,3rd Round,Paul T.,Brooksby J.,35.0,39.0,3.0,0.0,1.67,2.2,1.71,2.27,1
110,Australian Open,Hard,3rd Round,Shelton B.,Popyrin A.,89.0,113.0,3.0,0.0,2.3,1.62,2.4,1.65,1
112,Australian Open,Hard,3rd Round,Djokovic N.,Dimitrov G.,5.0,28.0,3.0,0.0,1.2,4.5,1.25,4.52,1
114,Australian Open,Hard,4th Round,Khachanov K.,Nishioka Y.,20.0,33.0,3.0,0.0,1.4,3.0,1.47,2.95,1
116,Australian Open,Hard,4th Round,Tsitsipas S.,Sinner J.,4.0,16.0,3.0,2.0,1.44,2.75,1.51,2.77,1
118,Australian Open,Hard,4th Round,Rublev A.,Rune H.,6.0,10.0,3.0,2.0,2.1,1.73,2.17,1.78,1
120,Australian Open,Hard,4th Round,Djokovic N.,De Minaur A.,5.0,24.0,3.0,0.0,1.2,4.5,1.25,4.51,1
122,Australian Open,Hard,Quarterfinals,Tsitsipas S.,Lehecka J.,4.0,71.0,3.0,0.0,1.14,5.5,1.18,5.79,1
124,Australian Open,Hard,Quarterfinals,Djokovic N.,Rublev A.,5.0,6.0,3.0,0.0,1.11,6.5,1.15,6.53,1
126,Australian Open,Hard,Semifinals,Djokovic N.,Paul T.,5.0,35.0,3.0,0.0,1.05,11.0,1.08,10.57,1
128,French Open,Clay,1st Round,Khachanov K.,Lestienne C.,11.0,70.0,3.0,2.0,1.02,21.0,1.04,19.52,1
130,French Open,Clay,1st Round,Ofner S.,Cressy M.,118.0,44.0,3.0,0.0,1.3,3.5,1.31,3.8,1
132,French Open,Clay,1st Round,Albot R.,Kypson P.,113.0,329.0,3.0,1.0,1.36,3.2,1.42,3.12,1
134,French Open,Clay,1st Round,Fucsovics M.,Grenier H.,83.0,122.0,3.0,1.0,1.2,4.5,1.21,5.04,1
136,French Open,Clay,1st Round,Kubler J.,Diaz Acosta F.,69.0,137.0,3.0,2.0,2.3,1.62,2.44,1.63,1
138,French Open,Clay,1st Round,Korda S.,Mcdonald M.,30.0,59.0,3.0,0.0,1.5,2.63,1.55,2.65,1
140,French Open,Clay,1st Round,Carballes Baena R.,Nava E.,57.0,242.0,3.0,0.0,1.25,4.0,1.28,4.1,1
142,French Open,Clay,1st Round,Rublev A.,Djere L.,7.0,60.0,3.0,1.0,1.22,4.33,1.24,4.6,1
144,French Open,Clay,1st Round,Sonego L.,Shelton B.,48.0,36.0,3.0,1.0,1.4,3.0,1.47,2.92,1
146,French Open,Clay,1st Round,Humbert U.,Mannarino A.,40.0,47.0,3.0,0.0,1.22,4.33,1.31,3.85,1
148,French Open,Clay,1st Round,Shapovalov D.,Nakashima B.,32.0,45.0,3.0,2.0,2.1,1.73,2.15,1.79,1
150,French Open,Clay,1st Round,Schwartzman D.,Zapata Miralles B.,95.0,38.0,3.0,2.0,2.1,1.73,2.24,1.73,1
152,French Open,Clay,1st Round,De Minaur A.,Ivashka I.,19.0,73.0,3.0,1.0,1.29,3.75,1.31,3.84,1
154,French Open,Clay,1st Round,Karatsev A.,Popyrin A.,62.0,85.0,3.0,1.0,1.67,2.2,1.72,2.26,1
156,French Open,Clay,1st Round,Fognini F.,Auger-Aliassime F.,130.0,10.0,3.0,0.0,3.2,1.36,3.49,1.35,1
158,French Open,Clay,1st Round,Daniel T.,O Connell C.,112.0,77.0,3.0,0.0,2.2,1.67,2.23,1.74,1
160,French Open,Clay,1st Round,Tirante T.A.,Van De Zandschulp B.,153.0,31.0,3.0,1.0,4.5,1.2,4.67,1.23,1
162,French Open,Clay,1st Round,Cachin P.,Thiem D.,64.0,92.0,3.0,2.0,2.2,1.67,2.22,1.74,1
164,French Open,Clay,1st Round,Lehecka J.,Struff J.L.,41.0,28.0,3.0,2.0,2.3,1.62,2.24,1.73,1
166,French Open,Clay,1st Round,Alcaraz C.,Cobolli F.,1.0,159.0,3.0,0.0,1.02,21.0,1.03,25.73,1
168,French Open,Clay,1st Round,Tiafoe F.,Krajinovic F.,12.0,93.0,3.0,0.0,1.2,4.5,1.28,4.13,1
170,French Open,Clay,1st Round,Van Assche L.,Cecchinato M.,82.0,72.0,3.0,0.0,1.8,2.0,1.84,2.08,1
172,French Open,Clay,1st Round,Paul T.,Stricker D.,17.0,116.0,3.0,0.0,1.33,3.4,1.42,3.14,1
174,French Open,Clay,1st Round,Ruud C.,Ymer E.,4.0,155.0,3.0,0.0,1.06,10.0,1.07,12.36,1
176,French Open,Clay,1st Round,Olivieri G.,Mpetshi G.,231.0,237.0,3.0,2.0,1.67,2.2,1.74,2.23,1
178,French Open,Clay,1st Round,Purcell M.,Thompson J.,68.0,76.0,3.0,1.0,2.1,1.73,2.23,1.74,1
180,French Open,Clay,1st Round,Zverev A.,Harris L.,27.0,294.0,3.0,0.0,1.05,11.0,1.06,12.71,1
182,French Open,Clay,1st Round,Seyboth Wild T.,Medvedev D.,172.0,2.0,3.0,2.0,11.0,1.05,10.69,1.08,1
184,French Open,Clay,1st Round,Cerundolo F.,Munar J.,23.0,81.0,3.0,1.0,1.3,3.5,1.26,4.38,1
186,French Open,Clay,1st Round,Pella G.,Halys Q.,423.0,88.0,3.0,2.0,3.2,1.36,3.4,1.37,1
188,French Open,Clay,1st Round,Fritz T.,Mmoh M.,8.0,123.0,3.0,0.0,1.02,19.0,1.04,16.94,1
190,French Open,Clay,1st Round,Hanfmann Y.,Monteiro T.,65.0,98.0,3.0,2.0,1.36,3.2,1.37,3.39,1
192,French Open,Clay,2nd Round,Fognini F.,Kubler J.,130.0,69.0,3.0,0.0,1.5,2.63,1.58,2.55,1
194,French Open,Clay,2nd Round,Tsitsipas S.,Carballes Baena R.,5.0,57.0,3.0,0.0,1.08,8.0,1.09,9.81,1
196,French Open,Clay,2nd Round,Kokkinakis T.,Wawrinka S.,108.0,89.0,3.0,2.0,2.0,1.8,2.19,1.76,1
198,French Open,Clay,2nd Round,Shapovalov D.,Arnaldi M.,32.0,106.0,3.0,1.0,2.1,1.73,2.12,1.81,1
200,French Open,Clay,2nd Round,Alcaraz C.,Daniel T.,1.0,112.0,3.0,1.0,1.02,21.0,1.03,25.16,1
202,French Open,Clay,2nd Round,Hurkacz H.,Griekspoor T.,14.0,39.0,3.0,2.0,1.4,3.0,1.39,3.28,1
204,French Open,Clay,2nd Round,Norrie C.,Pouille L.,13.0,675.0,3.0,0.0,1.25,4.0,1.28,4.07,1
206,French Open,Clay,2nd Round,Musetti L.,Shevchenko A.,18.0,87.0,3.0,0.0,1.29,3.75,1.25,4.45,1
208,French Open,Clay,2nd Round,Coric B.,Cachin P.,16.0,64.0,3.0,2.0,1.36,3.2,1.42,3.13,1
210,French Open,Clay,2nd Round,Ruud C.,Zeppieri G.,4.0,129.0,3.0,1.0,1.08,8.0,1.09,9.44,1
212,French Open,Clay,2nd Round,Nishioka Y.,Purcell M.,33.0,68.0,3.0,1.0,1.36,3.2,1.37,3.37,1
214,French Open,Clay,2nd Round,Seyboth Wild T.,Pella G.,172.0,423.0,3.0,1.0,1.36,3.2,1.44,3.05,1
216,French Open,Clay,2nd Round,Tiafoe F.,Karatsev A.,12.0,62.0,3.0,1.0,1.91,1.91,1.95,1.95,1
218,French Open,Clay,2nd Round,Jarry N.,Paul T.,35.0,17.0,3.0,1.0,1.62,2.3,1.6,2.52,1
220,French Open,Clay,2nd Round,Cerundolo F.,Hanfmann Y.,23.0,65.0,3.0,0.0,1.44,2.75,1.47,3.0,1
222,French Open,Clay,2nd Round,Fritz T.,Rinderknech A.,8.0,78.0,3.0,1.0,1.11,6.5,1.13,7.12,1
224,French Open,Clay,3rd Round,Khachanov K.,Kokkinakis T.,11.0,108.0,3.0,1.0,1.29,3.75,1.26,4.39,1
226,French Open,Clay,3rd Round,Ofner S.,Fognini F.,118.0,130.0,3.0,2.0,2.2,1.67,2.28,1.71,1
228,French Open,Clay,3rd Round,Musetti L.,Norrie C.,18.0,13.0,3.0,0.0,1.53,2.5,1.54,2.65,1
230,French Open,Clay,3rd Round,Varillas J.P.,Hurkacz H.,94.0,14.0,3.0,2.0,3.0,1.4,3.08,1.43,1
232,French Open,Clay,3rd Round,Ruud C.,Zhang Zh.,4.0,71.0,3.0,1.0,1.13,6.0,1.13,7.13,1
234,French Open,Clay,3rd Round,Etcheverry T.,Coric B.,49.0,16.0,3.0,0.0,1.67,2.2,1.7,2.28,1
236,French Open,Clay,3rd Round,Rune H.,Olivieri G.,6.0,231.0,3.0,0.0,1.03,15.0,1.04,17.13,1
238,French Open,Clay,3rd Round,Dimitrov G.,Altmaier D.,29.0,79.0,3.0,0.0,1.36,3.2,1.41,3.19,1
240,French Open,Clay,4th Round,Khachanov K.,Sonego L.,11.0,48.0,3.0,1.0,1.44,2.75,1.49,2.84,1
242,French Open,Clay,4th Round,Alcaraz C.,Musetti L.,1.0,18.0,3.0,0.0,1.17,5.0,1.18,5.65,1
244,French Open,Clay,4th Round,Ruud C.,Jarry N.,4.0,35.0,3.0,0.0,1.44,2.75,1.48,2.87,1
246,French Open,Clay,4th Round,Zverev A.,Dimitrov G.,27.0,29.0,3.0,0.0,1.44,2.75,1.42,3.1,1
248,French Open,Clay,Quarterfinals,Djokovic N.,Khachanov K.,3.0,11.0,3.0,1.0,1.08,8.0,1.12,7.89,1
250,French Open,Clay,Quarterfinals,Zverev A.,Etcheverry T.,27.0,49.0,3.0,1.0,1.33,3.4,1.33,3.63,1
252,French Open,Clay,Semifinals,Djokovic N.,Alcaraz C.,3.0,1.0,3.0,1.0,2.63,1.5,2.59,1.57,1
254,French Open,Clay,The Final,Djokovic N.,Ruud C.,3.0,4.0,3.0,0.0,1.2,4.8,1.22,4.92,1
256,Wimbledon,Grass,1st Round,Musetti L.,Varillas J.P.,16.0,63.0,3.0,0.0,1.06,10.0,1.07,11.93,1
258,Wimbledon,Grass,1st Round,Thompson J.,Nakashima B.,70.0,55.0,3.0,2.0,1.91,1.91,1.88,2.04,1
260,Wimbledon,Grass,1st Round,Marterer M.,Gojo B.,170.0,112.0,3.0,1.0,2.0,1.8,2.26,1.71,1
262,Wimbledon,Grass,1st Round,Djokovic N.,Cachin P.,2.0,68.0,3.0,0.0,1.01,34.0,1.01,28.03,1
264,Wimbledon,Grass,1st Round,Moutet C.,Gasquet R.,71.0,51.0,3.0,0.0,2.38,1.57,2.49,1.61,1
266,Wimbledon,Grass,1st Round,Broady L.,Lestienne C.,142.0,74.0,3.0,0.0,1.5,2.63,1.51,2.75,1
268,Wimbledon,Grass,1st Round,Munar J.,Isner J.,109.0,103.0,3.0,1.0,3.2,1.36,3.05,1.44,1
270,Wimbledon,Grass,1st Round,Choinski J.,Lajovic D.,164.0,56.0,3.0,1.0,2.63,1.5,2.66,1.54,1
272,Wimbledon,Grass,1st Round,Otte O.,Koepfer D.,233.0,86.0,3.0,0.0,1.62,2.3,1.73,2.24,1
274,Wimbledon,Grass,1st Round,Vukic A.,Altmaier D.,87.0,66.0,3.0,1.0,1.44,2.75,1.44,3.03,1
276,Wimbledon,Grass,1st Round,Wawrinka S.,Ruusuvuori E.,88.0,47.0,3.0,0.0,3.0,1.4,3.47,1.36,1
278,Wimbledon,Grass,1st Round,Sinner J.,Cerundolo J.M.,8.0,111.0,3.0,0.0,1.02,19.0,1.03,21.56,1
280,Wimbledon,Grass,1st Round,Murray A.,Peniston R.,40.0,268.0,3.0,0.0,1.1,7.0,1.11,8.4,1
282,Wimbledon,Grass,1st Round,Halys Q.,Evans D.,79.0,30.0,3.0,1.0,2.0,1.8,1.97,1.93,1
284,Wimbledon,Grass,1st Round,Stricker D.,Popyrin A.,117.0,93.0,3.0,2.0,1.62,2.3,1.69,2.31,1
286,Wimbledon,Grass,1st Round,Raonic M.,Novak D.,849.0,159.0,3.0,1.0,1.91,1.91,2.0,1.91,1
288,Wimbledon,Grass,1st Round,Tiafoe F.,Wu Y.,10.0,62.0,3.0,0.0,1.14,5.5,1.21,5.09,1
290,Wimbledon,Grass,1st Round,Barrere G.,Harris L.,49.0,208.0,3.0,1.0,2.1,1.73,2.11,1.82,1
292,Wimbledon,Grass,1st Round,Pella G.,Coric B.,308.0,14.0,3.0,2.0,3.2,1.36,3.15,1.41,1
294,Wimbledon,Grass,1st Round,Safiullin R.,Bautista Agut R.,92.0,23.0,3.0,2.0,3.5,1.3,3.82,1.31,1
296,Wimbledon,Grass,1st Round,Paul T.,Mochizuki S.,15.0,212.0,3.0,0.0,1.11,6.5,1.16,6.32,1
298,Wimbledon,Grass,1st Round,Shapovalov D.,Albot R.,29.0,107.0,3.0,1.0,1.2,4.5,1.25,4.43,1
300,Wimbledon,Grass,1st Round,Rune H.,Loffhagen G.,6.0,371.0,3.0,0.0,1.05,11.0,1.06,12.49,1
302,Wimbledon,Grass,1st Round,Eubanks C.,Monteiro T.,43.0,95.0,3.0,1.0,1.25,4.0,1.28,4.09,1
304,Wimbledon,Grass,1st Round,Ivashka I.,Coria F.,102.0,104.0,3.0,1.0,1.08,8.0,1.11,7.76,1
306,Wimbledon,Grass,1st Round,Mannarino A.,Shevchenko A.,35.0,97.0,3.0,0.0,1.2,4.5,1.24,4.6,1
308,Wimbledon,Grass,1st Round,Fucsovics M.,Griekspoor T.,67.0,31.0,3.0,0.0,2.0,1.8,2.11,1.81,1
310,Wimbledon,Grass,1st Round,Van De Zandschulp B.,Zhang Zh.,44.0,52.0,3.0,2.0,1.67,2.2,1.69,2.31,1
312,Wimbledon,Grass,1st Round,Watanuki Y.,Huesler M.A.,116.0,81.0,3.0,2.0,1.8,2.0,1.81,2.12,1
314,Wimbledon,Grass,1st Round,O Connell C.,Medjedovic H.,73.0,156.0,3.0,1.0,1.62,2.3,1.6,2.51,1
316,Wimbledon,Grass,1st Round,Kubler J.,Humbert U.,77.0,39.0,3.0,2.0,2.3,1.62,2.45,1.62,1
318,Wimbledon,Grass,1st Round,Berrettini M.,Sonego L.,38.0,42.0,3.0,1.0,2.5,1.53,2.58,1.57,1
320,Wimbledon,Grass,2nd Round,Sinner J.,Schwartzman D.,8.0,98.0,3.0,0.0,1.05,11.0,1.06,13.38,1
322,Wimbledon,Grass,2nd Round,Halys Q.,Vukic A.,79.0,87.0,3.0,0.0,1.67,2.2,1.69,2.3,1
324,Wimbledon,Grass,2nd Round,Hurkacz H.,Choinski J.,18.0,164.0,3.0,0.0,1.07,9.0,1.07,12.26,1
326,Wimbledon,Grass,2nd Round,Bublik A.,Wolf J.J.,26.0,48.0,3.0,0.0,1.44,2.75,1.5,2.79,1
328,Wimbledon,Grass,2nd Round,Rublev A.,Karatsev A.,7.0,50.0,3.0,1.0,1.2,4.5,1.2,5.27,1
330,Wimbledon,Grass,2nd Round,Galan D.E.,Otte O.,85.0,233.0,3.0,1.0,2.75,1.44,2.58,1.57,1
332,Wimbledon,Grass,2nd Round,Paul T.,Raonic M.,15.0,849.0,3.0,1.0,1.44,2.75,1.52,2.73,1
334,Wimbledon,Grass,2nd Round,Lehecka J.,Cerundolo F.,37.0,19.0,3.0,0.0,2.0,1.8,2.01,1.9,1
336,Wimbledon,Grass,2nd Round,Ymer M.,Fritz T.,59.0,9.0,3.0,2.0,4.5,1.2,4.46,1.25,1
338,Wimbledon,Grass,2nd Round,Djere L.,Shelton B.,60.0,36.0,3.0,1.0,2.5,1.53,2.5,1.6,1
340,Wimbledon,Grass,2nd Round,Rune H.,Carballes Baena R.,6.0,57.0,3.0,0.0,1.06,10.0,1.08,10.39,1
342,Wimbledon,Grass,2nd Round,Berrettini M.,De Minaur A.,38.0,17.0,3.0,0.0,2.38,1.57,2.48,1.61,1
344,Wimbledon,Grass,2nd Round,Medvedev D.,Mannarino A.,3.0,35.0,3.0,0.0,1.22,4.33,1.3,3.94,1
346,Wimbledon,Grass,2nd Round,Zverev A.,Watanuki Y.,21.0,116.0,3.0,1.0,1.13,6.0,1.15,6.36,1
348,Wimbledon,Grass,2nd Round,Jarry N.,Kubler J.,28.0,77.0,3.0,1.0,1.57,2.38,1.71,2.28,1
350,Wimbledon,Grass,2nd Round,Tsitsipas S.,Murray A.,5.0,40.0,3.0,2.0,2.1,1.73,2.11,1.82,1
352,Wimbledon,Grass,3rd Round,Sinner J.,Halys Q.,8.0,79.0,3.0,1.0,1.14,5.5,1.17,5.82,1
354,Wimbledon,Grass,3rd Round,Galan D.E.,Ymer M.,85.0,59.0,3.0,2.0,3.0,1.4,3.59,1.34,1
356,Wimbledon,Grass,3rd Round,Safiullin R.,Pella G.,92.0,308.0,3.0,0.0,1.44,2.75,1.45,3.0,1
358,Wimbledon,Grass,3rd Round,Djokovic N.,Wawrinka S.,2.0,88.0,3.0,0.0,1.04,15.0,1.05,16.39,1
360,Wimbledon,Grass,3rd Round,Eubanks C.,O Connell C.,43.0,73.0,3.0,0.0,1.53,2.5,1.59,2.53,1
362,Wimbledon,Grass,3rd Round,Alcaraz C.,Jarry N.,1.0,28.0,3.0,1.0,1.08,8.0,1.1,9.02,1
364,Wimbledon,Grass,3rd Round,Tsitsipas S.,Djere L.,5.0,60.0,3.0,0.0,1.2,4.5,1.19,5.42,1
366,Wimbledon,Grass,3rd Round,Dimitrov G.,Tiafoe F.,24.0,10.0,3.0,0.0,2.0,1.8,2.0,1.91,1
368,Wimbledon,Grass,4th Round,Safiullin R.,Shapovalov D.,92.0,29.0,3.0,1.0,2.38,1.57,2.48,1.61,1
370,Wimbledon,Grass,4th Round,Medvedev D.,Lehecka J.,3.0,37.0,2.0,0.0,1.25,4.0,1.27,4.19,1
372,Wimbledon,Grass,4th Round,Djokovic N.,Hurkacz H.,2.0,18.0,3.0,1.0,1.05,11.0,1.07,12.09,1
374,Wimbledon,Grass,4th Round,Alcaraz C.,Berrettini M.,1.0,38.0,3.0,1.0,1.4,3.0,1.39,3.27,1
376,Wimbledon,Grass,Quarterfinals,Djokovic N.,Rublev A.,2.0,7.0,3.0,1.0,1.07,9.0,1.08,10.23,1
378,Wimbledon,Grass,Quarterfinals,Alcaraz C.,Rune H.,1.0,6.0,3.0,0.0,1.22,4.33,1.23,4.7,1
380,Wimbledon,Grass,Semifinals,Alcaraz C.,Medvedev D.,1.0,3.0,3.0,0.0,1.36,3.2,1.42,3.12,1
382,US Open,Hard,1st Round,Shelton B.,Cachin P.,47.0,66.0,3.0,1.0,1.17,5.0,1.23,4.69,1
384,US Open,Hard,1st Round,Zhang Zh.,Wolf J.J.,67.0,45.0,3.0,2.0,3.2,1.36,3.39,1.37,1
386,US Open,Hard,1st Round,Marozsan F.,Gasquet R.,92.0,55.0,3.0,2.0,2.75,1.44,2.9,1.47,1
388,US Open,Hard,1st Round,Thiem D.,Bublik A.,81.0,27.0,3.0,0.0,2.38,1.57,2.41,1.65,1
390,US Open,Hard,1st Round,Carballes Baena R.,Rune H.,63.0,4.0,3.0,1.0,6.0,1.13,8.09,1.11,1
392,US Open,Hard,1st Round,Tiafoe F.,Tien L.,10.0,700.0,3.0,0.0,1.03,17.0,1.03,25.44,1
394,US Open,Hard,1st Round,Djere L.,Nakashima B.,38.0,68.0,3.0,0.0,2.75,1.44,3.11,1.42,1
396,US Open,Hard,1st Round,Fucsovics M.,Korda S.,57.0,31.0,3.0,2.0,2.75,1.44,3.1,1.42,1
398,US Open,Hard,1st Round,Varillas J.P.,Kecmanovic M.,74.0,46.0,3.0,1.0,4.5,1.2,4.97,1.22,1
400,US Open,Hard,1st Round,Droguet T.,Musetti L.,171.0,18.0,3.0,2.0,6.5,1.11,7.81,1.12,1
402,US Open,Hard,1st Round,Zapata Miralles B.,Quinn E.,76.0,475.0,3.0,0.0,1.4,3.0,1.45,2.99,1
404,US Open,Hard,1st Round,Paul T.,Travaglia S.,14.0,233.0,3.0,1.0,1.06,10.0,1.06,12.9,1
406,US Open,Hard,1st Round,Mcdonald M.,Auger-Aliassime F.,40.0,15.0,3.0,1.0,2.2,1.67,2.19,1.76,1
408,US Open,Hard,1st Round,Bonzi B.,Halys Q.,108.0,70.0,3.0,1.0,2.38,1.57,2.74,1.52,1
410,US Open,Hard,1st Round,Gaston H.,Shimabukuro S.,99.0,158.0,3.0,0.0,1.8,2.0,1.79,2.14,1
412,US Open,Hard,1st Round,Gojo B.,Dellien H.,105.0,147.0,3.0,0.0,1.13,6.0,1.14,6.76,1
414,US Open,Hard,1st Round,Berrettini M.,Humbert U.,36.0,33.0,3.0,0.0,1.57,2.38,1.52,2.72,1
416,US Open,Hard,1st Round,Arnaldi M.,Kubler J.,61.0,87.0,1.0,0.0,1.8,2.0,2.01,1.89,1
418,US Open,Hard,1st Round,Fils A.,Griekspoor T.,48.0,24.0,3.0,2.0,2.38,1.57,2.44,1.63,1
420,US Open,Hard,1st Round,Rinderknech A.,Schwartzman D.,73.0,114.0,3.0,0.0,2.3,1.62,2.23,1.74,1
422,US Open,Hard,1st Round,Medvedev D.,Balazs A.,3.0,,3.0,0.0,1.0,67.0,1.01,64.19,1
424,US Open,Hard,1st Round,Michelsen A.,Ramos-Vinolas A.,127.0,88.0,3.0,0.0,1.29,3.75,1.35,3.51,1
426,US Open,Hard,1st Round,Norrie C.,Shevchenko A.,16.0,83.0,3.0,0.0,1.2,4.5,1.23,4.77,1
428,US Open,Hard,1st Round,Hsu Y.,Kokkinakis T.,237.0,78.0,3.0,1.0,5.0,1.17,5.64,1.18,1
430,US Open,Hard,1st Round,Baez S.,Coric B.,32.0,23.0,3.0,0.0,2.63,1.5,2.79,1.5,1
432,US Open,Hard,1st Round,Isner J.,Diaz Acosta F.,157.0,94.0,3.0,0.0,1.4,3.0,1.39,3.29,1
434,US Open,Hard,1st Round,Van De Zandschulp B.,Thompson J.,65.0,51.0,1.0,0.0,3.0,1.4,2.98,1.45,1
436,US Open,Hard,1st Round,Evans D.,Galan D.E.,28.0,71.0,3.0,0.0,1.33,3.4,1.39,3.3,1
438,US Open,Hard,1st Round,Wu Y.,Lajovic D.,86.0,52.0,3.0,2.0,1.8,2.0,1.98,1.93,1
440,US Open,Hard,1st Round,Hurkacz H.,Huesler M.A.,17.0,97.0,3.0,2.0,1.07,9.0,1.08,10.98,1
442,US Open,Hard,1st Round,Etcheverry T.,Virtanen O.,34.0,133.0,3.0,2.0,1.53,2.5,1.6,2.5,1
444,US Open,Hard,1st Round,Sinner J.,Hanfmann Y.,6.0,54.0,3.0,0.0,1.03,17.0,1.04,18.84,1
446,US Open,Hard,2nd Round,Gojo B.,Mcdonald M.,105.0,40.0,3.0,0.0,2.75,1.44,2.86,1.48,1
448,US Open,Hard,2nd Round,Djere L.,Gaston H.,38.0,99.0,3.0,0.0,1.44,2.75,1.52,2.71,1
450,US Open,Hard,2nd Round,Bonzi B.,Eubanks C.,108.0,30.0,3.0,1.0,2.63,1.5,2.67,1.54,1
452,US Open,Hard,2nd Round,Vesely J.,Cerundolo F.,437.0,20.0,3.0,2.0,4.5,1.2,4.54,1.24,1
454,US Open,Hard,2nd Round,Shelton B.,Thiem D.,47.0,81.0,1.0,0.0,1.73,2.1,1.86,2.05,1
456,US Open,Hard,2nd Round,Paul T.,Safiullin R.,14.0,60.0,3.0,2.0,1.3,3.5,1.28,4.12,1
458,US Open,Hard,2nd Round,Mensik J.,Droguet T.,206.0,171.0,3.0,1.0,1.67,2.2,1.78,2.17,1
460,US Open,Hard,2nd Round,Tiafoe F.,Ofner S.,10.0,58.0,3.0,0.0,1.17,5.0,1.15,6.54,1
462,US Open,Hard,2nd Round,Sinner J.,Sonego L.,6.0,39.0,3.0,0.0,1.11,6.5,1.11,8.19,1
464,US Open,Hard,2nd Round,Draper J.,Hurkacz H.,123.0,17.0,3.0,0.0,2.63,1.5,2.82,1.5,1
466,US Open,Hard,2nd Round,Dimitrov G.,Murray A.,19.0,37.0,3.0,0.0,1.8,2.0,1.73,2.24,1
468,US Open,Hard,2nd Round,Arnaldi M.,Fils A.,61.0,48.0,3.0,2.0,2.3,1.62,2.54,1.58,1
470,US Open,Hard,2nd Round,Wawrinka S.,Etcheverry T.,49.0,34.0,3.0,1.0,1.3,3.5,1.31,3.8,1
472,US Open,Hard,2nd Round,Jarry N.,Michelsen A.,25.0,127.0,3.0,1.0,1.62,2.3,1.6,2.51,1
474,US Open,Hard,2nd Round,Evans D.,Van De Zandschulp B.,28.0,65.0,3.0,1.0,1.57,2.38,1.56,2.62,1
476,US Open,Hard,2nd Round,Alcaraz C.,Harris L.,1.0,177.0,3.0,0.0,1.03,15.0,1.02,26.53,1
478,US Open,Hard,3rd Round,Paul T.,Davidovich Fokina A.,14.0,21.0,3.0,1.0,1.67,2.2,1.67,2.35,1
480,US Open,Hard,3rd Round,Tiafoe F.,Mannarino A.,10.0,35.0,3.0,1.0,1.29,3.75,1.3,3.9,1
482,US Open,Hard,3rd Round,Stricker D.,Bonzi B.,128.0,108.0,3.0,2.0,1.67,2.2,1.66,2.38,1
484,US Open,Hard,3rd Round,Gojo B.,Vesely J.,105.0,437.0,3.0,0.0,1.3,3.5,1.34,3.61,1
486,US Open,Hard,3rd Round,Draper J.,Mmoh M.,123.0,89.0,3.0,1.0,1.33,3.4,1.34,3.6,1
488,US Open,Hard,3rd Round,Arnaldi M.,Norrie C.,61.0,16.0,3.0,0.0,4.33,1.22,3.94,1.3,1
490,US Open,Hard,3rd Round,Sinner J.,Wawrinka S.,6.0,49.0,3.0,1.0,1.11,6.5,1.12,7.73,1
492,US Open,Hard,3rd Round,Zverev A.,Dimitrov G.,12.0,19.0,3.0,1.0,1.4,3.0,1.49,2.84,1
494,US Open,Hard,4th Round,Shelton B.,Paul T.,47.0,14.0,3.0,1.0,3.4,1.33,3.55,1.35,1
496,US Open,Hard,4th Round,Fritz T.,Stricker D.,9.0,128.0,3.0,0.0,1.11,6.5,1.15,6.37,1
498,US Open,Hard,4th Round,Alcaraz C.,Arnaldi M.,1.0,61.0,3.0,0.0,1.02,19.0,1.03,24.65,1
500,US Open,Hard,4th Round,Medvedev D.,De Minaur A.,3.0,13.0,3.0,1.0,1.36,3.2,1.38,3.35,1
502,US Open,Hard,Quarterfinals,Djokovic N.,Fritz T.,2.0,9.0,3.0,0.0,1.13,6.0,1.14,6.8,1
504,US Open,Hard,Quarterfinals,Medvedev D.,Rublev A.,3.0,8.0,3.0,0.0,1.36,3.2,1.39,3.3,1
506,US Open,Hard,Semifinals,Djokovic N.,Shelton B.,2.0,47.0,3.0,0.0,1.06,10.0,1.09,9.76,1
508,US Open,Hard,The Final,Djokovic N.,Medvedev D.,2.0,3.0,3.0,0.0,1.44,2.88,1.46,2.95,1
1,Australian Open,Hard,1st Round,Wu Y.,Moutet C.,114.0,62.0,2.0,3.0,1.57,2.38,1.65,2.4,2
3,Australian Open,Hard,1st Round,Ivashka I.,Van De Zandschulp B.,73.0,34.0,1.0,3.0,3.2,1.36,2.91,1.47,2
5,Australian Open,Hard,1st Round,Edmund K.,Sinner J.,581.0,16.0,0.0,3.0,10.0,1.06,15.72,1.05,2
7,Australian Open,Hard,1st Round,Otte O.,Shang J.,74.0,194.0,1.0,3.0,1.44,2.75,1.48,2.86,2
9,Australian Open,Hard,1st Round,Garin C.,Korda S.,87.0,31.0,1.0,3.0,8.0,1.08,9.05,1.1,2
11,Australian Open,Hard,1st Round,Lajovic D.,Shapovalov D.,86.0,22.0,1.0,3.0,8.0,1.08,9.82,1.09,2
13,Australian Open,Hard,1st Round,Nakashima B.,Mcdonald M.,49.0,65.0,2.0,3.0,1.53,2.5,1.56,2.59,2
15,Australian Open,Hard,1st Round,Altmaier D.,Tiafoe F.,92.0,17.0,1.0,3.0,7.0,1.1,8.65,1.1,2
17,Australian Open,Hard,1st Round,Escobedo E.,Daniel T.,313.0,94.0,1.0,3.0,2.38,1.57,2.57,1.57,2
19,Australian Open,Hard,1st Round,Coric B.,Lehecka J.,23.0,71.0,0.0,3.0,1.36,3.2,1.38,3.34,2
21,Australian Open,Hard,1st Round,Munar J.,Svrcina D.,64.0,216.0,0.0,3.0,1.44,2.75,1.52,2.74,2
23,Australian Open,Hard,1st Round,Kwon S.W.,Eubanks C.,52.0,116.0,2.0,3.0,1.57,2.38,1.55,2.65,2
25,Australian Open,Hard,1st Round,Wawrinka S.,Molcan A.,139.0,53.0,2.0,3.0,1.29,3.75,1.3,3.89,2
27,Australian Open,Hard,1st Round,Van Assche L.,Norrie C.,143.0,12.0,0.0,3.0,10.0,1.06,11.47,1.07,2
29,Australian Open,Hard,1st Round,Halys Q.,Tsitsipas S.,61.0,4.0,0.0,3.0,5.5,1.14,6.96,1.14,2
31,Australian Open,Hard,1st Round,Musetti L.,Harris L.,19.0,186.0,2.0,3.0,1.33,3.4,1.34,3.61,2
33,Australian Open,Hard,1st Round,Thiem D.,Rublev A.,98.0,6.0,0.0,3.0,4.0,1.25,4.13,1.28,2
35,Australian Open,Hard,1st Round,Bagnis F.,Evans D.,91.0,30.0,1.0,3.0,6.5,1.11,7.05,1.14,2
37,Australian Open,Hard,1st Round,Karatsev A.,Dimitrov G.,82.0,28.0,0.0,3.0,3.0,1.4,3.17,1.41,2
39,Australian Open,Hard,1st Round,Krutykh O.,Schwartzman D.,188.0,26.0,1.0,3.0,2.63,1.5,2.52,1.58,2
41,Australian Open,Hard,1st Round,Bublik A.,Davidovich Fokina A.,36.0,32.0,2.0,3.0,2.1,1.73,2.2,1.76,2
43,Australian Open,Hard,1st Round,Thompson J.,Wolf J.J.,88.0,67.0,1.0,3.0,2.38,1.57,2.39,1.65,2
45,Australian Open,Hard,1st Round,Krajinovic F.,Rune H.,54.0,10.0,0.0,3.0,5.5,1.14,5.65,1.18,2
47,Australian Open,Hard,1st Round,Berrettini M.,Murray A.,14.0,66.0,2.0,3.0,1.25,4.0,1.24,4.62,2
49,Australian Open,Hard,1st Round,Struff J.L.,Paul T.,167.0,35.0,0.0,3.0,3.0,1.4,3.24,1.4,2
51,Australian Open,Hard,1st Round,Hsu Y.,De Minaur A.,209.0,24.0,0.0,3.0,13.0,1.04,13.57,1.06,2
53,Australian Open,Hard,1st Round,Machac T.,Ruud C.,110.0,3.0,1.0,3.0,5.0,1.17,5.52,1.19,2
55,Australian Open,Hard,1st Round,Purcell M.,Ruusuvuori E.,205.0,46.0,1.0,3.0,3.2,1.36,3.18,1.41,2
57,Australian Open,Hard,1st Round,Safiullin R.,Kudla D.,97.0,108.0,1.0,3.0,1.36,3.2,1.35,3.47,2
59,Australian Open,Hard,1st Round,Isner J.,Mannarino A.,43.0,45.0,1.0,3.0,1.8,2.0,1.9,2.01,2
61,Australian Open,Hard,1st Round,Sousa J.,Bautista Agut R.,81.0,25.0,0.0,3.0,8.0,1.08,9.27,1.09,2
63,Australian Open,Hard,1st Round,Ramos-Vinolas A.,Cressy M.,37.0,41.0,1.0,3.0,3.2,1.36,3.17,1.41,2
65,Australian Open,Hard,2nd Round,Etcheverry T.,Sinner J.,79.0,16.0,0.0,3.0,11.0,1.05,17.66,1.04,2
67,Australian Open,Hard,2nd Round,Nadal R.,Mcdonald M.,2.0,65.0,0.0,3.0,1.07,9.0,1.09,9.06,2
69,Australian Open,Hard,2nd Round,Harris L.,Fucsovics M.,186.0,78.0,1.0,3.0,2.0,1.8,1.98,1.91,2
71,Australian Open,Hard,2nd Round,Millman J.,Medvedev D.,140.0,8.0,0.0,3.0,19.0,1.02,27.6,1.02,2
73,Australian Open,Hard,2nd Round,Moutet C.,Cerundolo F.,62.0,29.0,1.0,3.0,1.91,1.91,1.85,2.05,2
75,Australian Open,Hard,2nd Round,Sonego L.,Hurkacz H.,47.0,11.0,2.0,3.0,4.0,1.25,4.05,1.29,2
77,Australian Open,Hard,2nd Round,Watanuki Y.,Korda S.,138.0,31.0,0.0,3.0,4.33,1.22,5.01,1.21,2
79,Australian Open,Hard,2nd Round,Eubanks C.,Lehecka J.,116.0,71.0,1.0,3.0,2.75,1.44,2.9,1.46,2
81,Australian Open,Hard,2nd Round,Chardy J.,Evans D.,,30.0,0.0,3.0,6.0,1.13,7.49,1.13,2
83,Australian Open,Hard,2nd Round,Ruud C.,Brooksby J.,3.0,39.0,1.0,3.0,1.33,3.4,1.34,3.61,2
85,Australian Open,Hard,2nd Round,Jarry N.,Shelton B.,154.0,89.0,0.0,3.0,2.0,1.8,2.06,1.85,2
87,Australian Open,Hard,2nd Round,Fritz T.,Popyrin A.,9.0,113.0,2.0,3.0,1.11,6.5,1.11,8.3,2
89,Australian Open,Hard,2nd Round,Zverev A.,Mmoh M.,13.0,107.0,1.0,3.0,1.2,4.5,1.2,5.26,2
91,Australian Open,Hard,2nd Round,Cressy M.,Rune H.,41.0,10.0,0.0,3.0,5.0,1.17,5.21,1.2,2
93,Australian Open,Hard,2nd Round,Carreno Busta P.,Bonzi B.,15.0,48.0,2.0,3.0,1.36,3.2,1.37,3.41,2
95,Australian Open,Hard,2nd Round,Couacaud E.,Djokovic N.,191.0,5.0,1.0,3.0,29.0,1.01,42.0,1.01,2
97,Australian Open,Hard,3rd Round,Fucsovics M.,Sinner J.,78.0,16.0,2.0,3.0,7.0,1.1,7.22,1.13,2
99,Australian Open,Hard,3rd Round,Mcdonald M.,Nishioka Y.,65.0,33.0,0.0,3.0,2.38,1.57,2.49,1.61,2
101,Australian Open,Hard,3rd Round,Norrie C.,Lehecka J.,12.0,71.0,2.0,3.0,1.33,3.4,1.29,4.04,2
103,Australian Open,Hard,3rd Round,Tiafoe F.,Khachanov K.,17.0,20.0,1.0,3.0,1.8,2.0,1.86,2.06,2
105,Australian Open,Hard,3rd Round,Evans D.,Rublev A.,30.0,6.0,0.0,3.0,3.5,1.3,3.46,1.36,2
107,Australian Open,Hard,3rd Round,Bonzi B.,De Minaur A.,48.0,24.0,0.0,3.0,4.33,1.22,4.78,1.23,2
109,Australian Open,Hard,3rd Round,Mmoh M.,Wolf J.J.,107.0,67.0,0.0,3.0,3.4,1.33,3.52,1.35,2
111,Australian Open,Hard,3rd Round,Murray A.,Bautista Agut R.,66.0,25.0,1.0,3.0,3.4,1.33,3.41,1.37,2
113,Australian Open,Hard,4th Round,Hurkacz H.,Korda S.,11.0,31.0,2.0,3.0,2.5,1.53,2.41,1.64,2
115,Australian Open,Hard,4th Round,Auger-Aliassime F.,Lehecka J.,7.0,71.0,1.0,3.0,1.2,4.5,1.23,4.72,2
117,Australian Open,Hard,4th Round,Wolf J.J.,Shelton B.,67.0,89.0,2.0,3.0,1.91,1.91,1.9,2.0,2
119,Australian Open,Hard,4th Round,Bautista Agut R.,Paul T.,25.0,35.0,1.0,3.0,2.1,1.73,2.18,1.77,2
121,Australian Open,Hard,Quarterfinals,Korda S.,Khachanov K.,31.0,20.0,0.0,2.0,1.8,2.0,1.8,2.13,2
123,Australian Open,Hard,Quarterfinals,Shelton B.,Paul T.,89.0,35.0,1.0,3.0,3.4,1.33,3.67,1.33,2
125,Australian Open,Hard,Semifinals,Khachanov K.,Tsitsipas S.,20.0,4.0,1.0,3.0,3.5,1.3,3.95,1.3,2
127,Australian Open,Hard,The Final,Tsitsipas S.,Djokovic N.,4.0,5.0,0.0,3.0,4.8,1.2,4.85,1.22,2
129,French Open,Clay,1st Round,Goffin D.,Hurkacz H.,111.0,14.0,2.0,3.0,3.2,1.36,3.4,1.37,2
131,French Open,Clay,1st Round,Martinez P.,Griekspoor T.,135.0,39.0,2.0,3.0,1.73,2.1,1.79,2.15,2
133,French Open,Clay,1st Round,Evans D.,Kokkinakis T.,25.0,108.0,0.0,3.0,1.8,2.0,1.88,2.02,2
135,French Open,Clay,1st Round,Vesely J.,Tsitsipas S.,455.0,5.0,1.0,3.0,19.0,1.02,22.09,1.02,2
137,French Open,Clay,1st Round,Isner J.,Borges N.,90.0,80.0,2.0,3.0,3.0,1.4,3.15,1.41,2
139,French Open,Clay,1st Round,Galan D.E.,Arnaldi M.,91.0,106.0,1.0,3.0,2.75,1.44,2.63,1.55,2
141,French Open,Clay,1st Round,Ymer M.,Musetti L.,56.0,18.0,0.0,3.0,4.5,1.2,5.02,1.21,2
143,French Open,Clay,1st Round,Cazaux A.,Moutet C.,190.0,61.0,1.0,3.0,2.0,1.8,1.93,1.98,2
145,French Open,Clay,1st Round,Otte O.,Shevchenko A.,120.0,87.0,1.0,3.0,3.0,1.4,2.94,1.46,2
147,French Open,Clay,1st Round,Rodionov J.,Pouille L.,134.0,675.0,0.0,3.0,2.1,1.73,2.21,1.75,2
149,French Open,Clay,1st Round,Paire B.,Norrie C.,149.0,13.0,2.0,3.0,6.5,1.11,7.45,1.13,2
151,French Open,Clay,1st Round,Shang J.,Varillas J.P.,200.0,94.0,2.0,3.0,2.38,1.57,2.57,1.57,2
153,French Open,Clay,1st Round,Draper J.,Etcheverry T.,55.0,49.0,0.0,1.0,2.2,1.67,2.21,1.75,2
155,French Open,Clay,1st Round,Wu Y.,Bautista Agut R.,54.0,24.0,0.0,3.0,3.0,1.4,3.19,1.41,2
157,French Open,Clay,1st Round,Ramos-Vinolas A.,Wawrinka S.,67.0,89.0,2.0,3.0,3.2,1.36,3.07,1.43,2
159,French Open,Clay,1st Round,Kovacevic A.,Djokovic N.,114.0,3.0,0.0,3.0,29.0,1.01,37.53,1.02,2
161,French Open,Clay,1st Round,Coria F.,Coric B.,96.0,16.0,1.0,3.0,6.0,1.13,7.64,1.12,2
163,French Open,Clay,1st Round,Medjedovic H.,Giron M.,168.0,75.0,1.0,3.0,1.73,2.1,1.8,2.13,2
165,French Open,Clay,1st Round,Fils A.,Davidovich Fokina A.,63.0,34.0,1.0,3.0,3.2,1.36,3.37,1.37,2
167,French Open,Clay,1st Round,Huesler M.A.,Altmaier D.,84.0,79.0,0.0,3.0,3.2,1.36,2.99,1.45,2
169,French Open,Clay,1st Round,Lajovic D.,Zhang Zh.,53.0,71.0,0.0,1.0,1.53,2.5,1.51,2.78,2
171,French Open,Clay,1st Round,Muller A.,Sinner J.,101.0,9.0,0.0,3.0,15.0,1.03,15.4,1.05,2
173,French Open,Clay,1st Round,Dellien H.,Jarry N.,160.0,35.0,0.0,3.0,4.5,1.2,4.61,1.24,2
175,French Open,Clay,1st Round,Wolf J.J.,Nishioka Y.,50.0,33.0,2.0,3.0,1.8,2.0,1.75,2.21,2
177,French Open,Clay,1st Round,Kecmanovic M.,Vavassori A.,37.0,148.0,2.0,3.0,1.4,3.0,1.48,2.86,2
179,French Open,Clay,1st Round,Gaston H.,Molcan A.,109.0,86.0,0.0,3.0,2.38,1.57,2.38,1.65,2
181,French Open,Clay,1st Round,Bublik A.,Zeppieri G.,51.0,129.0,2.0,3.0,2.1,1.73,2.09,1.83,2
183,French Open,Clay,1st Round,Barrere G.,Ruusuvuori E.,58.0,46.0,2.0,3.0,2.5,1.53,2.39,1.63,2
185,French Open,Clay,1st Round,Eubanks C.,Rune H.,74.0,6.0,1.0,3.0,19.0,1.02,18.32,1.04,2
187,French Open,Clay,1st Round,Gasquet R.,Rinderknech A.,52.0,78.0,1.0,3.0,1.67,2.2,1.71,2.27,2
189,French Open,Clay,1st Round,Skatov T.,Dimitrov G.,147.0,29.0,0.0,3.0,7.0,1.1,7.0,1.14,2
191,French Open,Clay,1st Round,Baez S.,Monfils G.,42.0,394.0,2.0,3.0,1.33,3.4,1.38,3.31,2
193,French Open,Clay,2nd Round,Korda S.,Ofner S.,30.0,118.0,0.0,3.0,1.53,2.5,1.53,2.7,2
195,French Open,Clay,2nd Round,Humbert U.,Sonego L.,40.0,48.0,0.0,3.0,1.73,2.1,1.74,2.23,2
197,French Open,Clay,2nd Round,Borges N.,Schwartzman D.,80.0,95.0,0.0,3.0,2.1,1.73,2.24,1.73,2
199,French Open,Clay,2nd Round,Bautista Agut R.,Varillas J.P.,24.0,94.0,2.0,3.0,1.4,3.0,1.41,3.18,2
201,French Open,Clay,2nd Round,Albot R.,Khachanov K.,113.0,11.0,0.0,3.0,5.0,1.17,6.36,1.15,2
203,French Open,Clay,2nd Round,Van Assche L.,Davidovich Fokina A.,82.0,34.0,0.0,3.0,3.2,1.36,3.15,1.4,2
205,French Open,Clay,2nd Round,Moutet C.,Rublev A.,61.0,7.0,1.0,3.0,9.0,1.07,11.26,1.07,2
207,French Open,Clay,2nd Round,Fucsovics M.,Djokovic N.,83.0,3.0,0.0,3.0,11.0,1.05,17.69,1.04,2
209,French Open,Clay,2nd Round,De Minaur A.,Etcheverry T.,19.0,49.0,0.0,3.0,1.8,2.0,1.92,1.99,2
211,French Open,Clay,2nd Round,Sinner J.,Altmaier D.,9.0,79.0,2.0,3.0,1.08,8.0,1.1,8.93,2
213,French Open,Clay,2nd Round,Ruusuvuori E.,Dimitrov G.,46.0,29.0,0.0,3.0,2.75,1.44,3.16,1.41,2
215,French Open,Clay,2nd Round,Tirante T.A.,Zhang Zh.,153.0,71.0,0.0,3.0,2.38,1.57,2.43,1.63,2
217,French Open,Clay,2nd Round,Vavassori A.,Olivieri G.,148.0,231.0,1.0,3.0,1.36,3.2,1.36,3.43,2
219,French Open,Clay,2nd Round,Lehecka J.,Giron M.,41.0,75.0,0.0,3.0,1.44,2.75,1.48,2.86,2
221,French Open,Clay,2nd Round,Monfils G.,Rune H.,394.0,6.0,,,9.0,1.07,11.53,1.07,2
223,French Open,Clay,2nd Round,Molcan A.,Zverev A.,86.0,27.0,0.0,3.0,4.33,1.22,4.32,1.26,2
225,French Open,Clay,3rd Round,Rublev A.,Sonego L.,7.0,48.0,2.0,3.0,1.29,3.75,1.3,3.89,2
227,French Open,Clay,3rd Round,Davidovich Fokina A.,Djokovic N.,34.0,3.0,0.0,3.0,6.0,1.13,6.57,1.14,2
229,French Open,Clay,3rd Round,Schwartzman D.,Tsitsipas S.,95.0,5.0,0.0,3.0,7.0,1.1,9.41,1.09,2
231,French Open,Clay,3rd Round,Shapovalov D.,Alcaraz C.,32.0,1.0,0.0,3.0,13.0,1.04,11.9,1.07,2
233,French Open,Clay,3rd Round,Seyboth Wild T.,Nishioka Y.,172.0,33.0,2.0,3.0,1.5,2.63,1.55,2.64,2
235,French Open,Clay,3rd Round,Giron M.,Jarry N.,75.0,35.0,1.0,3.0,3.4,1.33,3.59,1.34,2
237,French Open,Clay,3rd Round,Fritz T.,Cerundolo F.,8.0,23.0,1.0,3.0,1.73,2.1,1.88,2.02,2
239,French Open,Clay,3rd Round,Tiafoe F.,Zverev A.,12.0,27.0,1.0,3.0,3.0,1.4,3.28,1.39,2
241,French Open,Clay,4th Round,Varillas J.P.,Djokovic N.,94.0,3.0,0.0,3.0,15.0,1.03,18.34,1.04,2
243,French Open,Clay,4th Round,Ofner S.,Tsitsipas S.,118.0,5.0,0.0,3.0,10.0,1.06,10.39,1.08,2
245,French Open,Clay,4th Round,Cerundolo F.,Rune H.,23.0,6.0,2.0,3.0,3.4,1.33,3.38,1.37,2
247,French Open,Clay,4th Round,Nishioka Y.,Etcheverry T.,33.0,49.0,0.0,3.0,4.33,1.22,4.7,1.23,2
249,French Open,Clay,Quarterfinals,Tsitsipas S.,Alcaraz C.,5.0,1.0,0.0,3.0,4.5,1.2,4.93,1.22,2
251,French Open,Clay,Quarterfinals,Rune H.,Ruud C.,6.0,4.0,1.0,3.0,2.1,1.73,2.06,1.86,2
253,French Open,Clay,Semifinals,Zverev A.,Ruud C.,27.0,4.0,0.0,3.0,1.91,1.91,1.95,1.95,2
255,Wimbledon,Grass,1st Round,Baez S.,Barrios M.,46.0,133.0,1.0,3.0,1.73,2.1,1.92,1.99,2
257,Wimbledon,Grass,1st Round,Van Assche L.,Karatsev A.,75.0,50.0,1.0,3.0,2.1,1.73,2.45,1.63,2
259,Wimbledon,Grass,1st Round,Purcell M.,Rublev A.,64.0,7.0,0.0,3.0,10.0,1.06,10.52,1.08,2
261,Wimbledon,Grass,1st Round,Ramos-Vinolas A.,Hurkacz H.,76.0,18.0,0.0,3.0,10.0,1.06,12.53,1.06,2
263,Wimbledon,Grass,1st Round,Auger-Aliassime F.,Mmoh M.,12.0,119.0,1.0,3.0,1.11,6.5,1.16,6.24,2
265,Wimbledon,Grass,1st Round,Marozsan F.,Goffin D.,96.0,123.0,1.0,3.0,2.75,1.44,2.64,1.54,2
267,Wimbledon,Grass,1st Round,Couacaud E.,Wolf J.J.,158.0,48.0,0.0,3.0,4.33,1.22,4.49,1.25,2
269,Wimbledon,Grass,1st Round,Lokoli L.,Ruud C.,199.0,4.0,1.0,3.0,5.0,1.17,5.9,1.17,2
271,Wimbledon,Grass,1st Round,Molcan A.,Ymer M.,83.0,59.0,0.0,3.0,2.75,1.44,3.1,1.43,2
273,Wimbledon,Grass,1st Round,Mcdonald M.,Bublik A.,54.0,26.0,1.0,3.0,2.75,1.44,2.78,1.51,2
275,Wimbledon,Grass,1st Round,Kecmanovic M.,Schwartzman D.,41.0,98.0,0.0,3.0,1.44,2.75,1.52,2.75,2
277,Wimbledon,Grass,1st Round,Nishioka Y.,Galan D.E.,27.0,85.0,0.0,3.0,1.73,2.1,1.72,2.25,2
279,Wimbledon,Grass,1st Round,Chardy J.,Alcaraz C.,542.0,1.0,0.0,3.0,29.0,1.01,34.08,1.02,2
281,Wimbledon,Grass,1st Round,Machac T.,Norrie C.,108.0,13.0,1.0,3.0,4.33,1.22,4.94,1.22,2
283,Wimbledon,Grass,1st Round,Zapata Miralles B.,Etcheverry T.,53.0,32.0,2.0,3.0,2.75,1.44,3.22,1.4,2
285,Wimbledon,Grass,1st Round,Borges N.,Cerundolo F.,69.0,19.0,1.0,3.0,4.33,1.22,4.12,1.28,2
287,Wimbledon,Grass,1st Round,Ofner S.,Lehecka J.,72.0,37.0,0.0,3.0,2.38,1.57,2.32,1.68,2
289,Wimbledon,Grass,1st Round,Shimabukuro S.,Dimitrov G.,162.0,24.0,0.0,3.0,11.0,1.05,11.25,1.07,2
291,Wimbledon,Grass,1st Round,Fery A.,Medvedev D.,391.0,3.0,0.0,3.0,29.0,1.01,39.1,1.02,2
293,Wimbledon,Grass,1st Round,Rinderknech A.,Muller A.,82.0,84.0,1.0,3.0,1.22,4.33,1.26,4.38,2
295,Wimbledon,Grass,1st Round,Bonzi B.,Mayot H.,94.0,181.0,0.0,3.0,2.3,1.62,2.39,1.66,2
297,Wimbledon,Grass,1st Round,Hanfmann Y.,Fritz T.,45.0,9.0,2.0,3.0,4.33,1.22,3.99,1.29,2
299,Wimbledon,Grass,1st Round,Thiem D.,Tsitsipas S.,91.0,5.0,2.0,3.0,5.0,1.17,5.45,1.19,2
301,Wimbledon,Grass,1st Round,Korda S.,Vesely J.,25.0,528.0,1.0,3.0,1.1,7.0,1.12,7.98,2
303,Wimbledon,Grass,1st Round,Dellien H.,Giron M.,171.0,65.0,0.0,3.0,15.0,1.03,17.68,1.04,2
305,Wimbledon,Grass,1st Round,Daniel T.,Shelton B.,106.0,36.0,2.0,3.0,3.2,1.36,3.18,1.41,2
307,Wimbledon,Grass,1st Round,Cressy M.,Djere L.,58.0,60.0,1.0,3.0,1.67,2.2,1.67,2.34,2
309,Wimbledon,Grass,1st Round,Fils A.,Davidovich Fokina A.,61.0,34.0,0.0,3.0,2.2,1.67,2.26,1.72,2
311,Wimbledon,Grass,1st Round,Arnaldi M.,Carballes Baena R.,80.0,57.0,1.0,3.0,1.44,2.75,1.51,2.77,2
313,Wimbledon,Grass,1st Round,Brouwer G.,Zverev A.,153.0,21.0,0.0,3.0,9.0,1.07,9.28,1.09,2
315,Wimbledon,Grass,1st Round,Coppejans K.,De Minaur A.,188.0,17.0,1.0,3.0,17.0,1.03,17.4,1.04,2
317,Wimbledon,Grass,1st Round,Cecchinato M.,Jarry N.,89.0,28.0,1.0,3.0,11.0,1.05,13.12,1.06,2
319,Wimbledon,Grass,2nd Round,Thompson J.,Djokovic N.,70.0,2.0,0.0,3.0,15.0,1.03,21.62,1.03,2
321,Wimbledon,Grass,2nd Round,Etcheverry T.,Wawrinka S.,32.0,88.0,1.0,3.0,2.63,1.5,2.66,1.54,2
323,Wimbledon,Grass,2nd Round,Munar J.,Musetti L.,109.0,16.0,0.0,3.0,5.5,1.14,6.32,1.16,2
325,Wimbledon,Grass,2nd Round,Mmoh M.,Marterer M.,119.0,170.0,0.0,3.0,2.0,1.8,1.99,1.92,2
327,Wimbledon,Grass,2nd Round,Barrere G.,Shapovalov D.,49.0,29.0,0.0,3.0,2.38,1.57,2.64,1.55,2
329,Wimbledon,Grass,2nd Round,Ruud C.,Broady L.,4.0,142.0,2.0,3.0,1.2,4.5,1.24,4.58,2
331,Wimbledon,Grass,2nd Round,Moutet C.,Safiullin R.,71.0,92.0,0.0,3.0,2.2,1.67,2.42,1.64,2
333,Wimbledon,Grass,2nd Round,Barrios M.,Goffin D.,133.0,123.0,1.0,3.0,3.2,1.36,3.18,1.41,2
335,Wimbledon,Grass,2nd Round,Mayot H.,Pella G.,181.0,308.0,1.0,3.0,1.67,2.2,1.66,2.37,2
337,Wimbledon,Grass,2nd Round,Stricker D.,Tiafoe F.,117.0,10.0,0.0,3.0,4.5,1.2,5.33,1.2,2
339,Wimbledon,Grass,2nd Round,Ivashka I.,Dimitrov G.,102.0,24.0,0.0,3.0,5.0,1.17,6.16,1.16,2
341,Wimbledon,Grass,2nd Round,Vesely J.,O Connell C.,528.0,73.0,0.0,3.0,1.91,1.91,2.07,1.85,2
343,Wimbledon,Grass,2nd Round,Giron M.,Fucsovics M.,65.0,67.0,1.0,3.0,3.2,1.36,2.95,1.46,2
345,Wimbledon,Grass,2nd Round,Van De Zandschulp B.,Davidovich Fokina A.,44.0,34.0,1.0,3.0,2.5,1.53,2.73,1.52,2
347,Wimbledon,Grass,2nd Round,Muller A.,Alcaraz C.,84.0,1.0,0.0,3.0,21.0,1.02,28.92,1.02,2
349,Wimbledon,Grass,2nd Round,Norrie C.,Eubanks C.,13.0,43.0,1.0,3.0,1.3,3.5,1.3,3.9,2
351,Wimbledon,Grass,3rd Round,Musetti L.,Hurkacz H.,16.0,18.0,0.0,3.0,2.3,1.62,2.54,1.58,2
353,Wimbledon,Grass,3rd Round,Marterer M.,Bublik A.,170.0,26.0,0.0,3.0,5.5,1.14,6.33,1.16,2
355,Wimbledon,Grass,3rd Round,Broady L.,Shapovalov D.,142.0,29.0,1.0,3.0,3.75,1.29,3.8,1.31,2
357,Wimbledon,Grass,3rd Round,Goffin D.,Rublev A.,123.0,7.0,1.0,3.0,4.5,1.2,5.24,1.2,2
359,Wimbledon,Grass,3rd Round,Paul T.,Lehecka J.,15.0,37.0,2.0,3.0,1.8,2.0,1.77,2.17,2
361,Wimbledon,Grass,3rd Round,Fucsovics M.,Medvedev D.,67.0,3.0,1.0,3.0,4.33,1.22,5.0,1.21,2
363,Wimbledon,Grass,3rd Round,Davidovich Fokina A.,Rune H.,34.0,6.0,2.0,3.0,3.0,1.4,2.83,1.49,2
365,Wimbledon,Grass,3rd Round,Zverev A.,Berrettini M.,21.0,38.0,0.0,3.0,1.8,2.0,1.84,2.08,2
367,Wimbledon,Grass,4th Round,Bublik A.,Rublev A.,26.0,7.0,2.0,3.0,2.0,1.8,2.01,1.89,2
369,Wimbledon,Grass,4th Round,Galan D.E.,Sinner J.,85.0,8.0,0.0,3.0,13.0,1.04,16.79,1.04,2
371,Wimbledon,Grass,4th Round,Tsitsipas S.,Eubanks C.,5.0,43.0,2.0,3.0,1.36,3.2,1.36,3.46,2
373,Wimbledon,Grass,4th Round,Dimitrov G.,Rune H.,24.0,6.0,1.0,3.0,1.57,2.38,1.56,2.62,2
375,Wimbledon,Grass,Quarterfinals,Safiullin R.,Sinner J.,92.0,8.0,1.0,3.0,5.5,1.14,6.0,1.17,2
377,Wimbledon,Grass,Quarterfinals,Eubanks C.,Medvedev D.,43.0,3.0,2.0,3.0,5.0,1.17,6.35,1.16,2
379,Wimbledon,Grass,Semifinals,Sinner J.,Djokovic N.,8.0,2.0,0.0,3.0,4.5,1.2,4.44,1.25,2
381,Wimbledon,Grass,The Final,Djokovic N.,Alcaraz C.,2.0,1.0,2.0,3.0,1.53,2.63,1.56,2.6,2
383,US Open,Hard,1st Round,Borges N.,Ofner S.,79.0,58.0,1.0,3.0,2.2,1.67,2.1,1.83,2
385,US Open,Hard,1st Round,Ivashka I.,Cerundolo J.M.,103.0,93.0,2.0,3.0,1.4,3.0,1.4,3.22,2
387,US Open,Hard,1st Round,Watanuki Y.,Mannarino A.,85.0,35.0,1.0,3.0,2.63,1.5,2.59,1.56,2
389,US Open,Hard,1st Round,Giron M.,Davidovich Fokina A.,62.0,21.0,0.0,3.0,2.75,1.44,2.84,1.49,2
391,US Open,Hard,1st Round,Nava E.,Ruud C.,154.0,5.0,1.0,3.0,5.5,1.14,5.85,1.17,2
393,US Open,Hard,1st Round,Barrere G.,Mensik J.,59.0,206.0,1.0,3.0,1.73,2.1,1.8,2.13,2
395,US Open,Hard,1st Round,Kotov P.,Hijikata R.,98.0,110.0,1.0,3.0,2.1,1.73,2.05,1.86,2
397,US Open,Hard,1st Round,Svajda Z.,Cerundolo F.,234.0,20.0,1.0,3.0,3.5,1.3,3.38,1.37,2
399,US Open,Hard,1st Round,Couacaud E.,Vesely J.,180.0,437.0,2.0,3.0,1.53,2.5,1.57,2.58,2
401,US Open,Hard,1st Round,Johnson S.,Fritz T.,205.0,9.0,0.0,3.0,13.0,1.04,14.7,1.05,2
403,US Open,Hard,1st Round,Lehecka J.,Karatsev A.,29.0,77.0,0.0,3.0,1.5,2.63,1.54,2.67,2
405,US Open,Hard,1st Round,Kwon S.W.,Eubanks C.,104.0,30.0,1.0,3.0,4.0,1.25,3.9,1.3,2
407,US Open,Hard,1st Round,Cecchinato M.,Safiullin R.,109.0,60.0,0.0,3.0,9.0,1.07,9.79,1.09,2
409,US Open,Hard,1st Round,Popyrin A.,Stricker D.,41.0,128.0,1.0,3.0,1.57,2.38,1.58,2.55,2
411,US Open,Hard,1st Round,Raonic M.,Tsitsipas S.,337.0,7.0,0.0,3.0,3.75,1.29,3.87,1.31,2
413,US Open,Hard,1st Round,Muller A.,Djokovic N.,84.0,2.0,0.0,3.0,29.0,1.01,53.65,1.01,2
415,US Open,Hard,1st Round,Duckworth J.,Meligeni Alves F.,111.0,168.0,0.0,3.0,2.1,1.73,2.17,1.78,2
417,US Open,Hard,1st Round,Purcell M.,O Connell C.,43.0,69.0,1.0,3.0,1.44,2.75,1.54,2.66,2
419,US Open,Hard,1st Round,Van Assche L.,Jarry N.,64.0,25.0,1.0,3.0,2.75,1.44,2.95,1.46,2
421,US Open,Hard,1st Round,Vukic A.,Zverev A.,50.0,12.0,0.0,3.0,8.0,1.08,8.25,1.11,2
423,US Open,Hard,1st Round,Khachanov K.,Mmoh M.,11.0,89.0,0.0,3.0,1.57,2.38,1.55,2.63,2
425,US Open,Hard,1st Round,Lestienne C.,Altmaier D.,101.0,53.0,1.0,3.0,2.0,1.8,1.99,1.91,2
427,US Open,Hard,1st Round,Molcan A.,Dimitrov G.,115.0,19.0,2.0,3.0,5.0,1.17,5.92,1.17,2
429,US Open,Hard,1st Round,Moutet C.,Murray A.,72.0,37.0,0.0,3.0,4.0,1.25,3.78,1.32,2
431,US Open,Hard,1st Round,Cazaux A.,Rublev A.,119.0,8.0,0.0,3.0,5.5,1.14,6.55,1.14,2
433,US Open,Hard,1st Round,Albot R.,Draper J.,102.0,123.0,0.0,3.0,4.0,1.25,4.56,1.24,2
435,US Open,Hard,1st Round,Skatov T.,De Minaur A.,129.0,13.0,1.0,3.0,13.0,1.04,14.37,1.05,2
437,US Open,Hard,1st Round,Moreno De Alboran N.,Sonego L.,131.0,39.0,0.0,3.0,3.5,1.3,3.54,1.35,2
439,US Open,Hard,1st Round,Nishioka Y.,Wawrinka S.,44.0,49.0,0.0,3.0,2.75,1.44,2.97,1.45,2
441,US Open,Hard,1st Round,Daniel T.,Monfils G.,95.0,162.0,1.0,3.0,3.2,1.36,3.49,1.35,2
443,US Open,Hard,1st Round,Pella G.,Harris L.,203.0,177.0,0.0,3.0,3.2,1.36,3.21,1.4,2
445,US Open,Hard,1st Round,Koepfer D.,Alcaraz C.,75.0,1.0,0.0,1.0,23.0,1.01,28.61,1.02,2
447,US Open,Hard,2nd Round,Tsitsipas S.,Stricker D.,7.0,128.0,2.0,3.0,1.13,6.0,1.15,6.63,2
449,US Open,Hard,2nd Round,Carballes Baena R.,Karatsev A.,63.0,77.0,1.0,3.0,3.4,1.33,3.38,1.37,2
451,US Open,Hard,2nd Round,Zapata Miralles B.,Djokovic N.,76.0,2.0,0.0,3.0,34.0,1.01,29.09,1.01,2
453,US Open,Hard,2nd Round,Marozsan F.,Mannarino A.,92.0,35.0,1.0,3.0,3.5,1.3,3.48,1.36,2
455,US Open,Hard,2nd Round,Fucsovics M.,Hijikata R.,57.0,110.0,0.0,3.0,1.33,3.4,1.36,3.49,2
457,US Open,Hard,2nd Round,Cerundolo J.M.,Davidovich Fokina A.,93.0,21.0,0.0,3.0,9.0,1.07,9.8,1.09,2
459,US Open,Hard,2nd Round,Ruud C.,Zhang Zh.,5.0,67.0,2.0,3.0,1.2,4.5,1.22,4.97,2
461,US Open,Hard,2nd Round,Varillas J.P.,Fritz T.,74.0,9.0,0.0,3.0,15.0,1.03,20.4,1.03,2
463,US Open,Hard,2nd Round,Isner J.,Mmoh M.,157.0,89.0,2.0,3.0,2.0,1.8,2.09,1.83,2
465,US Open,Hard,2nd Round,Altmaier D.,Zverev A.,53.0,12.0,1.0,3.0,10.0,1.06,9.9,1.09,2
467,US Open,Hard,2nd Round,Berrettini M.,Rinderknech A.,36.0,73.0,0.0,1.0,1.2,4.5,1.2,5.25,2
469,US Open,Hard,2nd Round,Wu Y.,De Minaur A.,86.0,13.0,0.0,3.0,4.33,1.22,4.87,1.22,2
471,US Open,Hard,2nd Round,Hsu Y.,Norrie C.,237.0,16.0,0.0,3.0,9.0,1.07,8.84,1.1,2
473,US Open,Hard,2nd Round,Monfils G.,Rublev A.,162.0,8.0,1.0,3.0,3.0,1.4,3.15,1.41,2
475,US Open,Hard,2nd Round,Meligeni Alves F.,Baez S.,168.0,32.0,1.0,2.0,4.0,1.25,4.2,1.27,2
477,US Open,Hard,2nd Round,O Connell C.,Medvedev D.,69.0,3.0,1.0,3.0,15.0,1.03,19.21,1.04,2
479,US Open,Hard,3rd Round,Karatsev A.,Shelton B.,77.0,47.0,1.0,3.0,2.3,1.62,2.4,1.65,2
481,US Open,Hard,3rd Round,Zhang Zh.,Hijikata R.,67.0,110.0,1.0,3.0,1.62,2.3,1.62,2.45,2
483,US Open,Hard,3rd Round,Mensik J.,Fritz T.,206.0,9.0,0.0,3.0,8.0,1.08,10.81,1.08,2
485,US Open,Hard,3rd Round,Djere L.,Djokovic N.,38.0,2.0,2.0,3.0,26.0,1.01,30.68,1.02,2
487,US Open,Hard,3rd Round,Evans D.,Alcaraz C.,28.0,1.0,1.0,3.0,15.0,1.03,17.77,1.04,2
489,US Open,Hard,3rd Round,Rinderknech A.,Rublev A.,73.0,8.0,1.0,3.0,5.0,1.17,6.41,1.15,2
491,US Open,Hard,3rd Round,Jarry N.,De Minaur A.,25.0,13.0,0.0,3.0,4.0,1.25,4.83,1.22,2
493,US Open,Hard,3rd Round,Baez S.,Medvedev D.,32.0,3.0,0.0,3.0,9.0,1.07,9.28,1.09,2
495,US Open,Hard,4th Round,Hijikata R.,Tiafoe F.,110.0,10.0,0.0,3.0,5.5,1.14,5.13,1.21,2
497,US Open,Hard,4th Round,Gojo B.,Djokovic N.,105.0,2.0,0.0,3.0,19.0,1.02,23.38,1.03,2
499,US Open,Hard,4th Round,Draper J.,Rublev A.,123.0,8.0,1.0,3.0,3.0,1.4,3.27,1.39,2
501,US Open,Hard,4th Round,Sinner J.,Zverev A.,6.0,12.0,2.0,3.0,1.57,2.38,1.53,2.69,2
503,US Open,Hard,Quarterfinals,Tiafoe F.,Shelton B.,10.0,47.0,1.0,3.0,1.4,3.0,1.44,3.01,2
505,US Open,Hard,Quarterfinals,Zverev A.,Alcaraz C.,12.0,1.0,0.0,3.0,4.5,1.2,4.9,1.22,2
507,US Open,Hard,Semifinals,Alcaraz C.,Medvedev D.,1.0,3.0,1.0,3.0,1.22,4.33,1.28,4.13,2
